{
  "duration": [
    "Full Time",
    "Part Time",
    "Remote",
    "Internship",
    "Volunteer"
],
  "job_type": [
    "Direct Hire / Permanent",
    "Contract - W2",
    "Contract - 1099 / Independent",
    "Contract - Corp to Corp",
    "Contract to Hire - W2",
    "Contract to Hire - 1099 / Independent",
    "Contract to Hire - Corp to Corp"
  ],
  "salary": [
    "Open All Inclusive",
    "Open Plus Expense",
    "Competitive",
    "Tax Free"
  ],
  "job_category": [
    "Select Category",
    "AI | ML | NLP | AR/ VR",
    "Blockchain",
    "CXO Level",
    "Cyber Security",
    "Data Sciences",
    "DevOps/ DevSecOps",
    "Field Work",
    "HRM (Talent Acquisition)",
    "IoT",
    "IT Infrastructure",
    "Mobile Development",
    "Oracle",
    "Professional Services",
    "Project Teams",
    "Quality Assurance",
    "SAP",
    "Software Engineering",
    "UI/UX"
  ],
  "tax_term": [
    "N/A",
    "W2",
    "1099",
    "Corp To Corp"
  ],
  "work_authorization": [
    "N/A",
    "H1B",
    "Green Card",
    "US Citizen",
    "Canadian Citizen",
    "Canadian PR",
    "Work permit sponsership availabe"
  ],
  "skills": [
    ".NET",
    "360-degree video",
    "3D Animation",
    "3D Design",
    "3D Model Maker",
    "3D Modelling",
    "3D Printing",
    "3D Rendering",
    "3ds Max",
    "4D",
    "Academic Writing",
    "Accounting",
    "ActionScript",
    "Active Directory",
    "Ad Planning / Buying",
    "Adobe Air",
    "Adobe Captivate",
    "Adobe Dreamweaver",
    "Adobe Fireworks",
    "Adobe Flash",
    "Adobe InDesign",
    "Adobe Lightroom",
    "Adobe LiveCycle Designer",
    "Adobe Premiere Pro",
    "Advertisement Design",
    "Advertising",
    "Aeronautical Engineering",
    "Aerospace Engineering",
    "Affiliate Marketing",
    "Afrikaans",
    "After Effects",
    "Agile Development",
    "Agronomy",
    "Air Conditioning",
    "Airbnb",
    "AJAX",
    "Albanian",
    "Algorithm",
    "Alibaba",
    "Amazon Fire",
    "Amazon Kindle",
    "Amazon Web Services",
    "AMQP",
    "Analytics",
    "Android",
    "Android Honeycomb",
    "Android Wear SDK",
    "Angular.js",
    "Animation",
    "Antenna Services",
    "Anything Goes",
    "Apache",
    "Apache Ant",
    "Apache Solr",
    "App Designer",
    "App Developer",
    "Appcelerator Titanium",
    "Apple Compressor",
    "Apple iBooks Author",
    "Apple Logic Pro",
    "Apple Motion",
    "Apple Safari",
    "Apple Watch",
    "Applescript",
    "Appliance Installation",
    "Appliance Repair",
    "Arabic",
    "Arduino",
    "Argus Monitoring Software",
    "Article Rewriting",
    "Article Submission",
    "Articles",
    "Artificial Intelligence",
    "Arts / Crafts",
    "AS400 / iSeries",
    "Asbestos Removal",
    "ASP",
    "ASP.NET",
    "Asphalt",
    "Assembly",
    "Asterisk PBX",
    "Astrophysics",
    "Attic Access Ladders",
    "Attorney",
    "Audio Production",
    "Audio Services",
    "Audit",
    "Augmented Reality",
    "AutoCAD",
    "Autodesk Inventor",
    "Autodesk Revit",
    "AutoHotkey",
    "Automotive",
    "Autotask",
    "Awnings",
    "Axure",
    "Azure",
    "backbone.js",
    "Balsamiq",
    "Balustrading",
    "Bamboo Flooring",
    "Banner Design",
    "Basque",
    "Bathroom",
    "Bengali",
    "Big Data",
    "BigCommerce",
    "Binary Analysis",
    "Biology",
    "Biotechnology",
    "Bitcoin",
    "Biztalk",
    "Blackberry",
    "Blog",
    "Blog Design",
    "Blog Install",
    "Bluetooth Low Energy (BLE)",
    "BMC Remedy",
    "Book Artist",
    "Book Writing",
    "Bookkeeping",
    "Boonex Dolphin",
    "Bootstrap",
    "Bosnian",
    "Bower",
    "BPO",
    "Brackets",
    "Brain Storming",
    "Branding",
    "Bricklaying",
    "Broadcast Engineering",
    "Brochure Design",
    "BSD",
    "Building",
    "Building Architecture",
    "Building Certifiers",
    "Building Consultants",
    "Building Designer",
    "Building Surveyors",
    "Bulgarian",
    "Bulk Marketing",
    "Business Analysis",
    "Business Cards",
    "Business Catalyst",
    "Business Coaching",
    "Business Intelligence",
    "Business Plans",
    "Business Writing",
    "Buyer Sourcing",
    "C Programming",
    "C# Programming",
    "C++ Programming",
    "CAD/CAM",
    "CakePHP",
    "Call Center",
    "Call Control XML",
    "Capture NX2",
    "Caricature / Cartoons",
    "Carpentry",
    "Carpet Repair / Laying",
    "Carports",
    "Cartography / Maps",
    "Carwashing",
    "CasperJS",
    "Cassandra",
    "Catalan",
    "Catch Phrases",
    "CATIA",
    "Ceilings",
    "Cement Bonding Agents",
    "CGI",
    "Chef Configuration Management",
    "Chemical Engineering",
    "Chordiant",
    "Christmas",
    "Chrome OS",
    "Cinema 4D",
    "Circuit Design",
    "Cisco",
    "Civil Engineering",
    "Classifieds Posting",
    "Clean Technology",
    "Cleaning Carpet",
    "Cleaning Domestic",
    "Cleaning Upholstery",
    "Climate Sciences",
    "CLIPS",
    "Clothesline",
    "Cloud Computing",
    "CMS",
    "Coating Materials",
    "COBOL",
    "Cocoa",
    "Codeigniter",
    "Coding",
    "Cold Fusion",
    "Columns",
    "Commercial Cleaning",
    "Commercials",
    "Communications",
    "Compliance",
    "Computer Graphics",
    "Computer Help",
    "Computer Security",
    "Concept Art",
    "Concept Design",
    "Concreting",
    "Construction Monitoring",
    "Content Writing",
    "Contracts",
    "Conversion Rate Optimisation",
    "Cooking / Recipes",
    "Cooking / Baking",
    "Copy Typing",
    "Copywriting",
    "Corporate Identity",
    "Courses",
    "Covers / Packaging",
    "CRE Loaded",
    "Creative Design",
    "Creative Writing",
    "CRM",
    "Croatian",
    "Cryptography",
    "Crystal Reports",
    "CS-Cart",
    "CSS",
    "CubeCart",
    "CUDA",
    "Customer Service",
    "Customer Support",
    "Czech",
    "Damp Proofing",
    "Danish",
    "Dari",
    "Dart",
    "Data Entry",
    "Data Mining",
    "Data Processing",
    "Data Science",
    "Data Warehousing",
    "Database Administration",
    "Database Development",
    "Database Programming",
    "DataLife Engine",
    "Dating",
    "DDS",
    "Debian",
    "Debugging",
    "Decking",
    "Decoration",
    "Delivery",
    "Delphi",
    "Demolition",
    "Design",
    "Desktop Support",
    "Digital Design",
    "Disposals",
    "Django",
    "DNS",
    "DOS",
    "DotNetNuke",
    "Drafting",
    "Drains",
    "Drones",
    "Drupal",
    "Dthreejs",
    "Dutch",
    "Dynamics",
    "eBay",
    "eBooks",
    "eCommerce",
    "Editing",
    "Education / Tutoring",
    "edX",
    "Elasticsearch",
    "eLearning",
    "eLearning Designer",
    "Electrical Engineering",
    "Electricians",
    "Electronic Forms",
    "Electronics",
    "Email Developer",
    "Email Handling",
    "Email Marketing",
    "Embedded Software",
    "Ember.js",
    "Employment Law",
    "Energy",
    "Engineering",
    "Engineering Drawing",
    "English (UK)",
    "English (US)",
    "English Grammar",
    "English Spelling",
    "Entrepreneurship",
    "ePub",
    "Equipment Hire",
    "Erlang",
    "ERP",
    "Estonian",
    "Etsy",
    "Event Planning",
    "Event Staffing",
    "Excavation",
    "Excel",
    "Express JS",
    "Expression Engine",
    "Extensions / Additions",
    "Face Recognition",
    "Facebook Marketing",
    "Fashion Design",
    "Fashion Modeling",
    "Fencing",
    "Feng Shui",
    "Fiction",
    "FileMaker",
    "Filipino",
    "Filmmaking",
    "Final Cut Pro",
    "Finale / Sibelius",
    "Finance",
    "Financial Analysis",
    "Financial Markets",
    "Financial Planning",
    "Financial Research",
    "Finite Element Analysis",
    "Finnish",
    "Firefox",
    "Flash 3D",
    "Flashmob",
    "Flex",
    "Floor Coatings",
    "Flooring",
    "Flow Charts",
    "Flyer Design",
    "Flyscreens",
    "Food Takeaway",
    "Format / Layout",
    "Fortran",
    "Forum Posting",
    "Forum Software",
    "FPGA",
    "Frames / Trusses",
    "Freelance",
    "FreelancerAPI",
    "FreeSwitch",
    "French",
    "French (Canadian)",
    "Fundraising",
    "Furniture Assembly",
    "Furniture Design",
    "Game Consoles",
    "Game Design",
    "Game Development",
    "GameSalad",
    "Gamification",
    "GarageBand",
    "Gardening",
    "Gas Fitting",
    "Genealogy",
    "General Labor",
    "General Office",
    "Genetic Engineering",
    "Geolocation",
    "Geology",
    "Geospatial",
    "Geotechnical Engineering",
    "German",
    "Ghostwriting",
    "GIMP",
    "Git",
    "Glass / Mirror / Glazing",
    "Golang",
    "Google Adsense",
    "Google Adwords",
    "Google Analytics",
    "Google App Engine",
    "Google Cardboard",
    "Google Chrome",
    "Google Cloud Storage",
    "Google Earth",
    "Google Maps API",
    "Google Plus",
    "Google SketchUp",
    "Google Web Toolkit",
    "Google Webmaster Tools",
    "Google Website Optimizer",
    "GoPro",
    "GPGPU",
    "GPS",
    "Grails",
    "Grant Writing",
    "Graphic Design",
    "Grease Monkey",
    "Greek",
    "Growth Hacking",
    "Grunt",
    "Guttering",
    "Hadoop",
    "Hair Styles",
    "Handyman",
    "Haskell",
    "HBase",
    "Health",
    "Heating Systems",
    "Hebrew",
    "Helpdesk",
    "Heroku",
    "Hindi",
    "Hire me",
    "History",
    "Hive",
    "Home Automation",
    "Home Design",
    "Home Organization",
    "HomeKit",
    "Hot Water",
    "House Cleaning",
    "Housework",
    "HP Openview",
    "HTML",
    "HTML5",
    "Human Resources",
    "Human Sciences",
    "Hungarian",
    "iBeacon",
    "IBM BPM",
    "IBM Tivoli",
    "IBM Websphere Transformation Tool",
    "Icon Design",
    "IIS",
    "IKEA Installation",
    "Illustration",
    "Illustrator",
    "Imaging",
    "iMovie",
    "Indonesian",
    "Industrial Design",
    "Industrial Engineering",
    "Infographics",
    "Inspections",
    "Instagram",
    "Installation",
    "Instrumentation",
    "Insurance",
    "Interior Design",
    "Interiors",
    "Internet Marketing",
    "Internet Research",
    "Internet Security",
    "Interpreter",
    "Interspire",
    "Intuit QuickBooks",
    "Inventory Management",
    "Investment Research",
    "Invitation Design",
    "Ionic Framework",
    "iPad",
    "iPhone",
    "ISO9001",
    "Italian",
    "ITIL",
    "J2EE",
    "J2ME",
    "Jabber",
    "Japanese",
    "Java",
    "JavaFX",
    "Javascript",
    "JD Edwards CNC",
    "JDF",
    "Jewellery",
    "Joomla",
    "Journalist",
    "jQuery / Prototype",
    "JSON",
    "JSP",
    "Kannada",
    "Kinect",
    "Kitchen",
    "Knockout.js",
    "Korean",
    "Label Design",
    "LabVIEW",
    "Landing Pages",
    "Landscape Design",
    "Landscaping",
    "Landscaping / Gardening",
    "Laravel",
    "LaTeX",
    "Latvian",
    "Laundry and Ironing",
    "Lawn Mowing",
    "Leads",
    "Leap Motion SDK",
    "Legal",
    "Legal Research",
    "Legal Writing",
    "LESS/Sass/SCSS",
    "Life Coaching",
    "Lighting",
    "Linear Programming",
    "Link Building",
    "Linkedin",
    "Linnworks Order Management",
    "LINQ",
    "Linux",
    "Lisp",
    "Lithuanian",
    "LiveCode",
    "Locksmith",
    "Logistics / Shipping",
    "Logo Design",
    "Lotus Notes",
    "Lua",
    "Mac OS",
    "Macedonian",
    "Machine Learning",
    "Magento",
    "Magic Leap",
    "Mailchimp",
    "Mailwizz",
    "Make Up",
    "Makerbot",
    "Malay",
    "Malayalam",
    "Maltese",
    "Management",
    "Manufacturing",
    "Manufacturing Design",
    "Map Reduce",
    "MariaDB",
    "Market Research",
    "Marketing",
    "Marketplace Service",
    "Materials Engineering",
    "Mathematics",
    "Matlab and Mathematica",
    "Maya",
    "Mechanical Engineering",
    "Mechatronics",
    "Medical",
    "Medical Writing",
    "Metatrader",
    "MeteorJS",
    "Metro",
    "Microbiology",
    "Microcontroller",
    "Microsoft",
    "Microsoft Access",
    "Microsoft Exchange",
    "Microsoft Expression",
    "Microsoft Hololens",
    "Microsoft Office",
    "Microsoft Outlook",
    "Microsoft SQL Server",
    "Microsoft Visio",
    "Microstation",
    "Millwork",
    "Mining Engineering",
    "Minitlab",
    "MLM",
    "MMORPG",
    "Mobile App Testing",
    "Mobile Phone",
    "MODx",
    "MonetDB",
    "Moodle",
    "Mortgage Brokering",
    "Motion Graphics",
    "Moving",
    "MQTT",
    "Mural Painting",
    "Music",
    "MVC",
    "MYOB",
    "MySpace",
    "MySQL",
    "Nanotechnology",
    "Natural Language",
    "Network Administration",
    "Newsletters",
    "Nginx",
    "Ning",
    "Nintex Forms",
    "Nintex Workflow",
    "node.js",
    "Nokia",
    "Norwegian",
    "NoSQL Couch / Mongo",
    "Nutrition",
    "OAuth",
    "Objective C",
    "OCR",
    "Oculus Mobile SDK",
    "Odoo",
    "Online Writing",
    "Open Cart",
    "Open Journal Systems",
    "OpenBravo",
    "OpenCL",
    "OpenGL",
    "OpenSceneGraph",
    "OpenSSL",
    "OpenStack",
    "OpenVMS",
    "Oracle",
    "Order Processing",
    "Organizational Change Management",
    "OSCommerce",
    "Package Design",
    "Packing / Shipping",
    "Painting",
    "Palm",
    "Papiamento",
    "Parallax Scrolling",
    "Parallel Processing",
    "Parallels Automation",
    "Parallels Desktop",
    "Patents",
    "Pattern Making",
    "Pattern Matching",
    "Pavement",
    "PayPal API",
    "Payroll",
    "Paytrace",
    "PCB Layout",
    "PDF",
    "PEGA PRPC",
    "PencilBlue CMS",
    "Pentaho",
    "PeopleSoft",
    "Periscope",
    "Perl",
    "Personal Development",
    "Pest Control",
    "Pet Sitting",
    "Petroleum Engineering",
    "Phone Support",
    "PhoneGap",
    "Photo Editing",
    "Photography",
    "Photoshop",
    "Photoshop Coding",
    "Photoshop Design",
    "PHP",
    "Physics",
    "PICK Multivalue DB",
    "Pickup",
    "Pinterest",
    "Piping",
    "PLC / SCADA",
    "Plesk",
    "Plugin",
    "Plumbing",
    "Poet",
    "Poetry",
    "Polish",
    "Portuguese",
    "Portuguese (Brazil)",
    "Post-Production",
    "Poster Design",
    "PostgreSQL",
    "Powerpoint",
    "Powershell",
    "Pre-production",
    "Presentations",
    "Press Releases",
    "Prestashop",
    "Prezi",
    "Print",
    "Procurement",
    "Product Descriptions",
    "Product Design",
    "Product Management",
    "Product Sourcing",
    "Programming",
    "Project Management",
    "Project Scheduling",
    "Prolog",
    "Proofreading",
    "Property Development",
    "Property Law",
    "Property Management",
    "Proposal/Bid Writing",
    "Protoshare",
    "PSD to HTML",
    "PSD2CMS",
    "Psychology",
    "Public Relations",
    "Publishing",
    "Punjabi",
    "Puppet",
    "Python",
    "QlikView",
    "Qualtrics Survey Platform",
    "Quantum",
    "QuarkXPress",
    "QuickBase",
    "R Programming Language",
    "RapidWeaver",
    "Raspberry Pi",
    "Ray-tracing",
    "React.js",
    "Real Estate",
    "REALbasic",
    "Recruitment",
    "Red Hat",
    "Redis",
    "Redshift",
    "Regular Expressions",
    "Remote Sensing",
    "Removalist",
    "Renewable Energy Design",
    "Report Writing",
    "Research",
    "RESTful",
    "Resumes",
    "Reviews",
    "Risk Management",
    "Robotics",
    "Rocket Engine",
    "Romanian",
    "Roofing",
    "RTOS",
    "Ruby",
    "Ruby on Rails",
    "Russian",
    "RWD",
    "Sales",
    "Salesforce App Development",
    "Salesforce.com",
    "Samsung",
    "Samsung Accessory SDK",
    "SAP",
    "SAS",
    "Scala",
    "Scheme",
    "Scientific Research",
    "Screenwriting",
    "Script Install",
    "Scrum",
    "Scrum Development",
    "Sculpturing",
    "Search Engine Marketing",
    "Sencha / YahooUI",
    "SEO",
    "Serbian",
    "Sewing",
    "Sharepoint",
    "Shell Script",
    "Shopify",
    "Shopify Templates",
    "Shopping",
    "Shopping Carts",
    "Short Stories",
    "Siebel",
    "Sign Design",
    "Silverlight",
    "Simplified Chinese (China)",
    "Slogans",
    "Slovakian",
    "Slovenian",
    "Smarty PHP",
    "Snapchat",
    "Social Engine",
    "Social Media Marketing",
    "Social Networking",
    "Socket IO",
    "Software Architecture",
    "Software Development",
    "Software Testing",
    "Solaris",
    "Solidworks",
    "Sound Design",
    "Spanish",
    "Spanish (Spain)",
    "Spark",
    "Speech Writing",
    "Sphinx",
    "Splunk",
    "Sports",
    "SPSS Statistics",
    "SQL",
    "SQLite",
    "Squarespace",
    "Squid Cache",
    "Startups",
    "Stationery Design",
    "Statistical Analysis",
    "Statistics",
    "Steam API",
    "Sticker Design",
    "Storage Area Networks",
    "Storyboard",
    "Stripe",
    "Structural Engineering",
    "Subversion",
    "SugarCRM",
    "Supplier Sourcing",
    "Surfboard Design",
    "Swedish",
    "Swift",
    "Symbian",
    "Symfony PHP",
    "System Admin",
    "T-Shirts",
    "Tableau",
    "Tally Definition Language",
    "Tamil",
    "TaoBao API",
    "Tattoo Design",
    "Tax",
    "Tax Law",
    "Technical Support",
    "Technical Writing",
    "Tekla Structures",
    "Telecommunications Engineering",
    "Telemarketing",
    "Telephone Handling",
    "Telugu",
    "Templates",
    "Test Automation",
    "Testing / QA",
    "TestStand",
    "Textile Engineering",
    "Thai",
    "Tibco Spotfire",
    "Tiling",
    "Time Management",
    "Titanium",
    "Tizen SDK for Wearables",
    "Traditional Chinese (Hong Kong)",
    "Traditional Chinese (Taiwan)",
    "Training",
    "Transcription",
    "Translation",
    "Travel Writing",
    "Troubleshooting",
    "Tumblr",
    "Turkish",
    "Twitter",
    "Typescript",
    "TYPO3",
    "Typography",
    "Ubuntu",
    "Ukrainian",
    "Umbraco",
    "UML Design",
    "Unit4 Business World",
    "Unity 3D",
    "UNIX",
    "Urdu",
    "Usability Testing",
    "User Experience Design",
    "User Interface / IA",
    "User Interface Design",
    "Valuation / Appraisal",
    "Varnish Cache",
    "VB.NET",
    "vBulletin",
    "Vectorization",
    "Veeam",
    "Vehicle Signage",
    "Verilog",
    "VHDL",
    "VertexFX",
    "Video Broadcasting",
    "Video Editing",
    "Video Production",
    "Video Services",
    "Video Upload",
    "Videography",
    "Vietnamese",
    "Viral Marketing",
    "Virtual Assistant",
    "Virtual Worlds",
    "Virtuemart",
    "Virtuozzo",
    "Visa / Immigration",
    "Visual Arts",
    "Visual Basic",
    "Visual Basic for Apps",
    "Visual Foxpro",
    "Visual Merchandising",
    "Visualization",
    "VMware",
    "Voice Artist",
    "Voice Talent",
    "VoiceXML",
    "VoIP",
    "Volusion",
    "VPS",
    "vTiger",
    "Vuforia",
    "WatchKit",
    "Web Hosting",
    "Web Scraping",
    "Web Search",
    "Web Security",
    "Web Services",
    "webMethods",
    "WebOS",
    "Website Design",
    "Website Management",
    "Website Testing",
    "Weddings",
    "Weebly",
    "Welsh",
    "WHMCS",
    "WIKI",
    "Wikipedia",
    "Windows 8",
    "Windows API",
    "Windows CE",
    "Windows Desktop",
    "Windows Mobile",
    "Windows Phone",
    "Windows Server",
    "Wireframes",
    "Wireless",
    "Wix",
    "Wolfram",
    "WooCommerce",
    "Word",
    "Word Processing",
    "WordPress",
    "Workshops",
    "WPF",
    "Wufoo",
    "x86/x64 Assembler",
    "Xamarin",
    "Xero",
    "XML",
    "XMPP",
    "Xojo",
    "Xoops",
    "XPages",
    "XQuery",
    "XSLT",
    "Yahoo! Store Design",
    "Yard Work / Removal",
    "Yarn",
    "Yiddish",
    "Yii",
    "YouTube",
    "Zbrush",
    "Zen Cart",
    "Zend",
    "Zendesk",
    "Zoho",
    "batchfile",
    "c",
    "c#",
    "c++",
    "clojure",
    "coffeescript",
    "elixir",
    "emacs lisp",
    "go",
    "jupyter notebook",
    "kotlin",
    "matlab",
    "objective-c",
    "objective-c++",
    "ocaml",
    "purebasic",
    "rascal",
    "rust",
    "shell",
    "tex",
    "vim script",
    "vue",
    "1-wire",
    "2d",
    "3d",
    "3d-engine",
    "3d-game-engine",
    "accessibility",
    "accordion",
    "acme",
    "acme-client",
    "activejob",
    "activerecord",
    "activity",
    "activity-stream",
    "actor-model",
    "adc",
    "addons",
    "admin",
    "admin-dashboard",
    "admin-template",
    "admin-theme",
    "admin-ui",
    "ado-net",
    "adobe",
    "after-effects",
    "ag",
    "agc",
    "agent",
    "airtable",
    "akka",
    "alarm",
    "alerting",
    "algorithm-challenges",
    "algorithm-competitions",
    "alignment",
    "amd",
    "android-application",
    "android-architecture",
    "android-cleanarchitecture",
    "android-development",
    "android-interview-questions",
    "android-library",
    "android-testing",
    "android-ui",
    "angular",
    "angular-2",
    "angular-components",
    "angular2",
    "angular4",
    "angularclass",
    "angularjs",
    "angularjs-interview-questions",
    "animation-library",
    "anonymity",
    "ansible",
    "antd",
    "anticensorship",
    "anyconnect",
    "aot",
    "aot-compilation",
    "api",
    "api-documentation",
    "api-gateway",
    "api-management",
    "apis",
    "apollo",
    "app",
    "apple",
    "apple-swift",
    "apple-tv",
    "apple-watch",
    "apps",
    "arbre",
    "architectural",
    "arrow-functions",
    "artificial-intelligence",
    "assert",
    "assertion-library",
    "assertions",
    "ast",
    "async",
    "async-functions",
    "asynchronous",
    "asyncio",
    "athena",
    "atom",
    "audio",
    "audio-library",
    "aurelia-framework",
    "authentication",
    "auto",
    "autocomplete",
    "autolayout",
    "automatic-https",
    "automation",
    "awesome",
    "awesome-list",
    "awesome-lists",
    "awesomeness",
    "aws",
    "aws-lambda",
    "aws-s3",
    "azure-functions",
    "babel",
    "backbone",
    "backbone-framework",
    "bar",
    "barcode",
    "barcode-scanner",
    "bash",
    "bayesian-methods",
    "bdd",
    "beaglebone-black",
    "bem",
    "benchmark",
    "best-performance",
    "best-practices",
    "bi",
    "big-data",
    "bigquery",
    "binaries",
    "bioinformatics",
    "bittorrent",
    "blade",
    "blog-engine",
    "blogging",
    "bluetooth",
    "bodymovin",
    "boilerplate",
    "book",
    "book-series",
    "books",
    "bootstrap4",
    "bot",
    "bot-application",
    "botkit-bots",
    "botkit-studio",
    "bots",
    "bottom-navigation",
    "bourbon-family",
    "brew",
    "browser",
    "browser-extension",
    "browsersync",
    "bug-bounty",
    "build",
    "build-automation",
    "build-pipelines",
    "build-system",
    "build-tool",
    "build-tools",
    "bundle",
    "burger-menu",
    "business",
    "button",
    "c-plus-plus",
    "c-plus-plus-11",
    "c-sharp",
    "c89",
    "cache",
    "cachet",
    "caddyfile",
    "caffe",
    "calendar",
    "callbacks",
    "canvas",
    "canvas2d",
    "card",
    "careers",
    "carousel",
    "carthage",
    "certificate",
    "certification",
    "chai",
    "chart",
    "charting-library",
    "chat",
    "cheatsheets",
    "chip",
    "chrome",
    "chrome-browser",
    "cisco-spark",
    "clean-architecture",
    "cli",
    "cli-app",
    "cli-dashboard",
    "client",
    "client-side",
    "clojure-development",
    "clojurescript",
    "closures",
    "cloud",
    "cloud-management",
    "cloud-native",
    "cloud-providers",
    "cloud-provisioning",
    "cloud-storage",
    "cluster",
    "cncf",
    "cockroachdb",
    "cocoapods",
    "cocos2d-html5",
    "cocos2d-js",
    "code",
    "code-analysis",
    "code-examples",
    "code-quality",
    "codehub",
    "codepath",
    "coding-challenge",
    "coding-challenges",
    "coding-interview",
    "coding-interviews",
    "collaboration",
    "collection",
    "collections",
    "color-scheme",
    "command-line",
    "command-line-tool",
    "commerce-engine",
    "commonjs",
    "community",
    "community-driven",
    "competitive-programming",
    "compiler",
    "component",
    "components",
    "composer",
    "composition",
    "computer-architecture",
    "computer-science",
    "computer-vision",
    "concurrency",
    "configuration",
    "configuration-management",
    "consensus",
    "console",
    "constraint-programming",
    "constraints",
    "consul",
    "container",
    "containers",
    "content",
    "content-management",
    "content-management-system",
    "contentprovider",
    "continuous-delivery",
    "continuous-integration",
    "convert",
    "cordova",
    "coreclr",
    "correct",
    "cosmicmind",
    "couchdb",
    "counter",
    "coverage",
    "cpp",
    "cpp-library",
    "cppcon",
    "crash-reporting",
    "crash-reports",
    "crawler",
    "creative",
    "credit-card",
    "cross-browser",
    "cross-platform",
    "cryptocurrency",
    "csharp",
    "csp-report",
    "css-animations",
    "css-effects",
    "css-framework",
    "css-in-js",
    "css-skills",
    "css3",
    "css3-features",
    "curated",
    "curl",
    "custom-elements",
    "custom-transitions",
    "customtags",
    "d3",
    "dac",
    "dagger2",
    "dagger2-mvp",
    "dapper",
    "dash",
    "dashboard",
    "dashboards",
    "data",
    "data-analysis",
    "data-binding",
    "data-grid",
    "data-mining",
    "data-science",
    "data-structure",
    "data-visualization",
    "database",
    "databases",
    "databinding",
    "date",
    "datepicker",
    "daterange",
    "daterangepicker",
    "datetime-picker",
    "decentralized",
    "deep-io",
    "deep-learning",
    "deep-neural-networks",
    "deeplearning",
    "dependency-manager",
    "deploy",
    "deployment",
    "deserialization",
    "design-pattern",
    "design-patterns",
    "design-system",
    "design-systems",
    "design-thinking",
    "designpatternsphp",
    "desktop",
    "desktop-app",
    "desktop-application",
    "detection",
    "dev-ops",
    "devarchy",
    "developer",
    "developer-tools",
    "development",
    "device-detection",
    "devops",
    "devtools",
    "dialog",
    "diff",
    "diff-highlight",
    "disk-encryption",
    "distributed",
    "distributed-actors",
    "distributed-computing",
    "distributed-database",
    "distributed-systems",
    "distributed-transactions",
    "diy",
    "dl4j",
    "docker",
    "docker-compose",
    "docker-image",
    "dockerfile",
    "docs",
    "doctrine",
    "documentation",
    "documentation-tool",
    "dom",
    "dotnet",
    "dotnet-core",
    "dotnetcore",
    "drag",
    "drag-and-drop",
    "drag-drop",
    "draggable",
    "dragging",
    "drawer",
    "drawer-support",
    "drawerlayout",
    "dropdown",
    "droppable",
    "dropzone",
    "druid",
    "dsl",
    "dts",
    "dx",
    "dynamic",
    "dynamic-table",
    "e-commerce",
    "easing-functions",
    "easy",
    "easy-to-use",
    "echo",
    "ecmascript",
    "ecommerce-platform",
    "editor",
    "education",
    "effects",
    "efficiency",
    "electron",
    "electron-app",
    "elegant",
    "email",
    "email-sender",
    "emberjs",
    "encode",
    "encrypt",
    "end-to-end",
    "enterprise",
    "error-log",
    "error-monitoring",
    "es2015",
    "es6",
    "es6-javascript",
    "eslint",
    "esm",
    "etcd",
    "etl-framework",
    "event-management",
    "event-stream",
    "example",
    "examples",
    "exoplayer",
    "expectation",
    "exploitation",
    "express",
    "extensible",
    "extension",
    "face-recognition",
    "facebook",
    "facenet",
    "fake",
    "fake-content",
    "fake-data",
    "faker-generator",
    "fast",
    "feathersjs",
    "feature-detection",
    "federated",
    "fetch",
    "ffmpeg",
    "file",
    "file-upload",
    "files",
    "fineuploader",
    "fish",
    "flash",
    "flat-file",
    "flavor",
    "flavortown",
    "flexbox",
    "flexible",
    "flow",
    "flux",
    "font",
    "font-face",
    "forever",
    "forhumans",
    "form",
    "form-builder",
    "form-validation",
    "forms",
    "foss",
    "fragment",
    "framework",
    "free",
    "freebsd",
    "front-end",
    "front-end-framework",
    "frontend",
    "fullpage",
    "fullscreen",
    "functional",
    "functional-programming",
    "fuzz-testing",
    "fuzzing",
    "fuzzy-search",
    "fzf",
    "gallery",
    "game",
    "game-development",
    "game-engine",
    "game-frameworks",
    "gamedev",
    "gang-of-four",
    "gbdt",
    "gbm",
    "gbrt",
    "generator",
    "gfw",
    "github-api",
    "glsl",
    "gnu-social",
    "goagent",
    "godotengine",
    "gogs",
    "golang-library",
    "good-practices",
    "google",
    "google-cloud-functions",
    "google-material",
    "gpio",
    "gpu",
    "gradle-plugin",
    "graph",
    "graphics",
    "graphite",
    "graphql",
    "grav",
    "grid-editor",
    "growth",
    "gui",
    "guide",
    "guidelines",
    "guides",
    "hack",
    "hacking",
    "hacklang",
    "hacks",
    "hashchange",
    "head",
    "headless-browsers",
    "headless-chrome",
    "headless-testing",
    "health-check",
    "help",
    "hexo",
    "hg",
    "hhvm",
    "high-performance",
    "hls",
    "hmr",
    "home-automation",
    "homebrew",
    "hosting",
    "hotfix",
    "htaccess-snippets",
    "html-template",
    "html5-audio",
    "html5-charts",
    "html5-game-development",
    "html5-history",
    "html5-history-api",
    "html5-video",
    "http-client",
    "http-server",
    "http2",
    "httpclient",
    "hud",
    "hugo",
    "hyperscript",
    "hyperterm",
    "i18n",
    "i2c",
    "ibm-openwhisk",
    "icons",
    "ide",
    "image",
    "image-processing",
    "imageview",
    "imgui",
    "immersive",
    "immutablejs",
    "indexeddb",
    "inferno-component",
    "inferno-js",
    "influxdb",
    "infrastructure-as-code",
    "infrastructure-management",
    "inheritance",
    "inline-validation",
    "input",
    "input-mask",
    "intel",
    "intellij",
    "intellij-plugin",
    "interactive-visualizations",
    "internet-freedom",
    "internet-of-things",
    "interview",
    "interview-practice",
    "interview-prep",
    "interview-preparation",
    "interview-questions",
    "interviewing",
    "intranet",
    "introjs",
    "intrusion-detection",
    "io",
    "ionic",
    "ios",
    "ios-animation",
    "ios-app",
    "ios-transition",
    "ios-ui",
    "iot",
    "ipfs",
    "ipld",
    "ipsec",
    "ipython",
    "ipython-notebook",
    "iqkeyboardmanager",
    "iris",
    "isolation",
    "isomorphic-javascript",
    "istanbul",
    "jasmine",
    "java-8",
    "javascript-compiler",
    "javascript-interview-questions",
    "javascript-library",
    "javascript-modules",
    "javascript-tips",
    "jekyll-site",
    "jest",
    "jinja",
    "jobs",
    "journalism",
    "jpeg-encoder",
    "jquery",
    "jruby",
    "js",
    "jsbridge",
    "json-logging",
    "json-parser",
    "json-serialization",
    "json-serializer",
    "jspatch",
    "jsqmessagesviewcontroller",
    "jss",
    "jsx",
    "julia-language",
    "jupyter",
    "jupyter-notebook",
    "jvm-languages",
    "kaggle",
    "karma",
    "kennethreitz",
    "keras",
    "key-value",
    "keyboard",
    "keyboard-shortcuts",
    "keyframes",
    "kingfisher",
    "knowledge",
    "koa",
    "kotlin-library",
    "kubernetes",
    "l2tp",
    "labstack-echo",
    "lambda-expressions",
    "language",
    "layout",
    "lazy-evaluation",
    "lazy-loading",
    "lazyload",
    "leaflet",
    "learn-to-code",
    "learning-by-doing",
    "leetcode",
    "leetcode-java",
    "leetcode-questions",
    "leetcode-solutions",
    "less",
    "letsencrypt",
    "libraries",
    "library",
    "lighttable",
    "links",
    "lint",
    "lint-checking",
    "linter",
    "linters",
    "linting",
    "linux-kernel",
    "list",
    "lists",
    "lite",
    "load-balancer",
    "loaders",
    "localforage",
    "localstorage",
    "log",
    "logcat",
    "logging",
    "logistic-regression",
    "lottie",
    "lstm",
    "luajit",
    "mac",
    "mac-osx",
    "machine-learning",
    "machine-learning-algorithms",
    "macos",
    "macos-setup",
    "macosx",
    "mail",
    "mail-server",
    "man-in-the-middle",
    "man-page",
    "manager",
    "manpages",
    "manual",
    "mapreduce",
    "maps",
    "marathon",
    "marionettejs",
    "markdown",
    "marshalling",
    "material",
    "material-colors",
    "material-components",
    "material-design",
    "material-theme",
    "material-ui",
    "materialdrawer",
    "math",
    "mathematical-analysis",
    "matplotlib",
    "maven-plugin",
    "mediaplayer",
    "memoized-selectors",
    "menu-navigation",
    "menubar",
    "mesos",
    "message",
    "message-queue",
    "messaging",
    "messenger",
    "meta-tags",
    "metallica",
    "meteor",
    "metrics",
    "micro-framework",
    "microkernel",
    "microservice",
    "microservices",
    "microsoft-bot-framework",
    "middleware",
    "mikepenz",
    "mindmaps",
    "minification",
    "minimal",
    "mit",
    "ml",
    "mobile",
    "mobile-database",
    "mobile-detect",
    "mobile-web",
    "mobx",
    "mocha",
    "mochajs",
    "mocking",
    "mocks",
    "modal",
    "models",
    "modern-php",
    "modernizr",
    "module-bundler",
    "module-loader",
    "modules",
    "mongodb",
    "monitoring",
    "motion",
    "motion-graphics",
    "mousewheel",
    "mozilla",
    "mpv",
    "multi-platform",
    "multiformats",
    "mvc-framework",
    "mvp",
    "mvp-android",
    "mvvm-architecture",
    "named-entity-recognition",
    "naming-conventions",
    "nasa",
    "natural-language-processing",
    "navigation-controller",
    "navigation-drawer",
    "neovim",
    "netcore",
    "network",
    "networking",
    "neural-nets",
    "neural-network",
    "neural-networks",
    "newsql",
    "nextjs",
    "ng2",
    "nlp",
    "node",
    "node-webkit",
    "nodebb",
    "nodejs",
    "nodemon",
    "normalize",
    "nosql-database",
    "notebook",
    "notifications",
    "npm",
    "nsq",
    "numpy",
    "nvim",
    "nwjs",
    "oauth2",
    "objc-runtime",
    "object-oriented",
    "object-storage",
    "objective-c-extensions",
    "objective-c-library",
    "observer",
    "oci",
    "ocr-engine",
    "odoo-apps",
    "offcanvas",
    "offline",
    "onepage",
    "oop",
    "open-source",
    "open-source-project",
    "openapi-specification",
    "openconnect",
    "opentype-fonts",
    "openvpn",
    "operating-system",
    "optimization",
    "orchestration",
    "orchestration-framework",
    "orm",
    "osx",
    "otf",
    "otf-fonts",
    "oxford",
    "p2p",
    "paas",
    "package-manager",
    "packages",
    "pagination",
    "painless",
    "painless-javascript-testing",
    "pandas",
    "parallel-streams",
    "parser",
    "part-of-speech",
    "payments",
    "pcduino",
    "pcre",
    "peer-to-peer",
    "penetration-testing",
    "pentesting",
    "pentesting-windows",
    "perfect",
    "performance",
    "performance-analysis",
    "performance-metrics",
    "permission",
    "phantomjs",
    "phaserjs",
    "phone",
    "photon",
    "photos",
    "php-applications",
    "php-extension",
    "php-framework",
    "php-installation",
    "php-library",
    "php7",
    "phpunit",
    "picker",
    "pixi",
    "pixijs",
    "plataformatec",
    "play",
    "playback",
    "player",
    "playground",
    "plugins",
    "plyr",
    "pm2",
    "pods",
    "polyfill",
    "popover",
    "popup",
    "postcss-plugins",
    "preact-components",
    "preprocessor",
    "pretty-printer",
    "principles",
    "printer",
    "privacy",
    "procedural-generation",
    "process",
    "process-manager",
    "production",
    "productivity",
    "programmer",
    "programming-blogs",
    "programming-language",
    "programming-ligatures",
    "programming-tutorial",
    "progress",
    "progressive-web-app",
    "prometheus",
    "promise",
    "prompt",
    "protobuf-runtime",
    "protoc",
    "protocol-buffers",
    "protocol-compiler",
    "prototypes",
    "protractor",
    "proxy",
    "psr-11",
    "psr-13",
    "psr-16",
    "psr-3",
    "psr-6",
    "psr-7",
    "pty",
    "pure",
    "purecss",
    "purelayout",
    "pwa",
    "pwm",
    "pymc",
    "python-interview-questions",
    "qa",
    "queue",
    "qunit",
    "rack",
    "raft",
    "rails",
    "rails-helper",
    "rails-interview",
    "rapid-development",
    "raspberry-pi",
    "react",
    "react-components",
    "react-native",
    "react-renderer",
    "react-router",
    "reactive",
    "reactive-programming",
    "reactive-streams",
    "reactivecocoa",
    "reactiveswift",
    "reactivex",
    "reactjs",
    "real-time",
    "real-time-processing",
    "realtime",
    "realtime-database",
    "recyclerview-adapter",
    "recyclerview-item-animation",
    "redux",
    "redux-documentation",
    "redux-saga",
    "reference",
    "regex",
    "remote-execution",
    "renderer",
    "rendering",
    "rendering-2d-graphics",
    "rendering-engine",
    "reordering",
    "repl",
    "requests",
    "resource",
    "resources",
    "responsive",
    "responsive-images",
    "rest",
    "rest-api",
    "restful-api",
    "reveal",
    "reverse-engineering",
    "reverse-proxy",
    "rfc822",
    "rich-text-editor",
    "rkt",
    "router",
    "routing",
    "rpc",
    "rpc-framework",
    "ruby-language",
    "rubyonrails",
    "runtime",
    "rxjava",
    "rxjava-android",
    "rxjs",
    "rxswift",
    "s3-storage",
    "saas",
    "sagas",
    "sage",
    "sandstorm",
    "sanitization",
    "sass",
    "sass-functions",
    "sass-library",
    "sass-mixins",
    "scaffolding",
    "scala-compiler",
    "scala-library",
    "scala-programming-language",
    "scalable",
    "scale",
    "scene-graph",
    "scheduling",
    "scientific-computing",
    "scikit-learn",
    "scipy",
    "screenshots",
    "scripting",
    "scroll",
    "scrolling",
    "scss",
    "sdk",
    "search",
    "search-engine",
    "search-in-text",
    "searchbar",
    "sections",
    "security",
    "security-book",
    "security-checklist",
    "select",
    "selenium",
    "selenium-webdriver",
    "self-hosted",
    "semantic",
    "semantic-engine",
    "serial",
    "serialization",
    "server",
    "server-rendering",
    "server-side-rendering",
    "server-side-swift",
    "serverless",
    "serverless-architectures",
    "serverless-framework",
    "service-consumer",
    "service-discovery",
    "service-mesh",
    "service-oriented",
    "service-provider",
    "service-registration",
    "service-registry",
    "shadowsocks",
    "sidebar",
    "signalr",
    "silver-searcher",
    "simple",
    "simple-api",
    "single-header-lib",
    "single-page-applications",
    "sinon",
    "sites",
    "sketch",
    "sketch-plugin",
    "slack",
    "slate",
    "slide",
    "slideout-menu",
    "slides",
    "slideshow",
    "smtp",
    "snackbar",
    "snap",
    "snapkit",
    "snapshot",
    "snippets",
    "soa",
    "social-network",
    "socket-communication",
    "socket-io",
    "software",
    "software-development",
    "sort",
    "sortable",
    "spa",
    "spacegray-eighties",
    "spacegray-light",
    "spannable-string",
    "spi",
    "spreadsheet",
    "spring",
    "spring-boot",
    "sprites",
    "sql-editor",
    "sql-injection",
    "ssh",
    "sshuttle",
    "ssl",
    "ssr",
    "stack",
    "standalone",
    "standard",
    "starter-kit",
    "startup-script",
    "state-machine",
    "state-management",
    "state-tree",
    "static-analysis",
    "static-code-analysis",
    "static-site-generator",
    "statsd",
    "status",
    "statuspage",
    "storage",
    "store-json",
    "storefront",
    "str8c",
    "stream",
    "streaming",
    "stunnel",
    "style-guide",
    "style-linter",
    "styled-components",
    "styleguide",
    "stylesheets",
    "sublime-text",
    "super-resolution",
    "svg",
    "svg-animations",
    "svgo",
    "svn",
    "svprogresshud",
    "swagger-api",
    "swagger-js",
    "swift-3",
    "swift-extensions",
    "swift-framework",
    "swift-language",
    "swift-library",
    "swift-perfect-community",
    "swift-programming",
    "swift-wrapper",
    "swift3",
    "swiftyjson",
    "swipe",
    "swiper",
    "symfony",
    "symfony-bundle",
    "sync",
    "synchronization",
    "syntax-checker",
    "syntax-checking",
    "syntax-highlighting",
    "system",
    "systems",
    "tabbarcontroller",
    "tabbaritem",
    "tagging",
    "tap",
    "tdd",
    "teachers",
    "tech",
    "technical-coding-interview",
    "tensorflow",
    "terminal",
    "terminal-emulators",
    "tessel",
    "tesseract",
    "tesseract-ocr",
    "test",
    "test-framework",
    "test-runner",
    "test-runners",
    "testing",
    "testing-tools",
    "text-editor",
    "textfield",
    "theano",
    "theme",
    "threadsafe",
    "tidb",
    "timber",
    "time",
    "time-series",
    "time-travel",
    "tips",
    "tips-and-tricks",
    "tldr",
    "tldr-pages",
    "tls",
    "tmux",
    "toast",
    "toolbox",
    "tools",
    "tooltip",
    "tooltip-library",
    "tor",
    "torch",
    "torrent",
    "touch",
    "touch-events",
    "tour",
    "tox",
    "training-materials",
    "training-providers",
    "transition-animation",
    "traversal",
    "treeview",
    "tricks",
    "ttf",
    "tty",
    "tutorial",
    "tutorials",
    "tvos",
    "twig",
    "twilio",
    "typechecker",
    "typeface",
    "typefaces",
    "types",
    "typescript-definitions",
    "typings",
    "ui",
    "ui-components",
    "ui-design",
    "ui-kit",
    "ui-theme",
    "uikit",
    "uitabbarcontroller",
    "unicorns",
    "unidirectional",
    "unit-testing",
    "universal",
    "universal-javascript",
    "usability",
    "user-experience",
    "utilities",
    "ux",
    "v8",
    "validation",
    "vanilla",
    "vanilla-javascript",
    "vanilla-js",
    "vdom",
    "vector",
    "velociraptors",
    "video",
    "video-player",
    "videojs",
    "videos",
    "view",
    "viewcontroller",
    "views",
    "vim",
    "vim-plugin",
    "vim-plugins",
    "vim-scripts",
    "vimeo",
    "viml",
    "virtual-dom",
    "visual-basic",
    "visual-studio",
    "visual-studio-code",
    "visualizations",
    "volume",
    "vpn",
    "vue-components",
    "vue2",
    "vuex",
    "vulnerability-scanner",
    "vux",
    "watch",
    "weapp-demo",
    "web",
    "web-analytics",
    "web-app",
    "web-application",
    "web-application-framework",
    "web-audio",
    "web-components",
    "web-development",
    "web-framework",
    "web-performance",
    "web-server",
    "web-wechat",
    "webapp",
    "webcomponents",
    "webdriver",
    "webfinger",
    "webgl",
    "webpack",
    "webpack2",
    "webplatform",
    "webrtc",
    "webservices",
    "website",
    "website-builder",
    "website-generation",
    "websocket",
    "websocket-server",
    "websockets",
    "websql",
    "wechat",
    "weex",
    "werkzeug",
    "weui",
    "wfc",
    "wget",
    "widget",
    "windows",
    "wireguard",
    "wordpress-starter-theme",
    "wordpress-theme",
    "wsgi",
    "wxapp",
    "wysiwyg",
    "wysiwyg-editor",
    "xcode",
    "xcode-plugin",
    "xhr",
    "xx-net",
    "yaml",
    "yeoman-generator",
    "yii2",
    "zephir",
    "zero-configuration",
    "zeromq",
    "zookeeper",
    "zsh",
    "zsh-configuration",
    "Core Java",
    "Java Build Tools",
    "Web Technologies",
    "Java Web Frameworks",
    "Application Containers",
    "Java Testing Tools",
    "BigData",
    "Java EE Components",
    "Code Version Control",
    "OOPs",
    "Hibernate",
    "Maven",
    "SpringMVC",
    "JBoss",
    "JUnit",
    "DBMS",
    "Servlets",
    "GitHub",
    "Design Patterns",
    "Gradle",
    "Jetty",
    "TestNG",
    "Hadoop",
    "Java Beans (EJB)",
    "Interface",
    "OpenJPA",
    "Java Server Faces (JSF)",
    "WebSphere",
    "Selenium",
    "Java Server Pages (JSP)",
    "WebLogic",
    "JDBC",
    "Maven",
    "Spring MVC",
    "JBoss",
    "JVM Internals",
    "JVM",
    "BitBucket",
    "Mockito",
    "Spock Framework",
    "Cucumber",
    "FitNesse",
    "Arquillian",
    "DBUnit",
    "Rest Assured",
    "CI/CD (continuous integration/ continuous deployment)",
    "Jenkins",
    "Chef",
    "Kubernete"
  ],
  "city": [
    "Abanda",
    "BAdamsville",
    "Alabaster",
    "Albertville",
    "Alexander City",
    "Aliceville",
    "Allgood",
    "Andalusia",
    "Anniston",
    "Arab"
  ],
  "state": [
    "Select a state",
    "Alabama",
    "Alaska",
    "Arizona",
    "Arkansas",
    "California",
    "Colorado",
    ">Connecticut",
    "Delaware",
    "District of Columbia",
    "Florida",
    "Georgia",
    "Hawaii",
    "Idaho",
    "Illinois",
    "Indiana",
    "Iowa",
    "Kansas",
    "Kentucky",
    "Louisiana",
    "Maine",
    "Maryland",
    "Massachusetts",
    "Michigan",
    "Minnesota",
    "Mississippi",
    "Missouri",
    "Montana",
    "Nebraska",
    "Nevada",
    "New Hampshire",
    "New Jersey",
    "New Mexico",
    "New York",
    "North Carolina",
    "North Dakota",
    "Ohio",
    "Oklahoma",
    "Oregon",
    "Pennsylvania",
    "Puerto Rico",
    "Rhode Island",
    "South Carolina",
    "South Dakota",
    "Tennessee",
    "Texas",
    "Utah",
    "Vermont",
    "Virginia",
    "Washington",
    "West Virginia",
    "Wisconsin",
    "Wyoming"
  ]
}